CD_SERVICE_INF__SERVICE;LIAISON_INF__LIAISON;CD_AIRE_INF__TYPE;CHAUSSEE_INF__SENS;AIRE_INF__ABS_DEB
BRUMISATEUR;A42;AR;2;9600
DAB;A42;AR;2;9600
JEUX;A42;AR;2;9600
JEUX;A42;AR;2;32600
MOBILITE REDUITE;A42;AR;2;9600
MOBILITE REDUITE;A42;AR;2;32600
PARCOURS_DETENTE;A42;AR;2;9600
PIQUE_NIQUE;A42;AR;2;9600
PIQUE_NIQUE;A42;AR;2;32600
PRESSE;A42;AR;2;9600
STATION GONFLAGE;A42;AR;2;9600
STATION GONFLAGE;A42;AR;2;32600
TELEPHONE;A42;AR;2;9600
TELEPHONE;A42;AR;2;32600
Vente Liber-t;A42;AR;2;9600
BRUMISATEUR;A42;AS;1;16300
JEUX;A42;AS;1;16300
MOBILITE REDUITE;A42;AS;1;16300
PIQUE_NIQUE;A42;AS;1;16300
STATION GONFLAGE;A42;AS;1;16300
TELEPHONE;A42;AS;1;16300
VIDANGE;A42;AS;1;16300
JEUX;A42;AS;2;16300
MOBILITE REDUITE;A42;AS;2;16300
PANORAMA;A42;AS;2;16300
PARCOURS_DETENTE;A42;AS;2;16300
PIQUE_NIQUE;A42;AS;2;16300
TELEPHONE;A42;AS;2;16300
MOBILITE REDUITE;A432;PB;1;12360
TELEPHONE;A432;PB;1;12360
MOBILITE REDUITE;A432;PB;2;12360
TELEPHONE;A432;PB;2;12360
Information;A46;AS;1;16000
JEUX;A46;AS;1;16000
MOBILITE REDUITE;A46;AS;1;16000
PIQUE_NIQUE;A46;AS;1;16000
PRESSE;A46;AS;1;16000
STATION GONFLAGE;A46;AS;1;16000
TELEPHONE;A46;AS;1;16000
JEUX;A46;AS;2;16000
MOBILITE REDUITE;A46;AS;2;16000
PARCOURS_DETENTE;A46;AS;2;16000
PIQUE_NIQUE;A46;AS;2;16000
JEUX;A5;AD;1;200070
MOBILITE REDUITE;A5;AD;1;200070
PIQUE_NIQUE;A5;AD;1;200070
TELEPHONE;A5;AD;1;200070
BRUMISATEUR;A5;AR;1;46920
BRUMISATEUR;A5;AR;1;219420
DAB;A5;AR;1;46920
JEUX;A5;AR;1;46920
JEUX;A5;AR;1;68000
JEUX;A5;AR;1;109300
JEUX;A5;AR;1;123400
JEUX;A5;AR;1;174810
JEUX;A5;AR;1;219420
MOBILITE REDUITE;A5;AR;1;46920
MOBILITE REDUITE;A5;AR;1;68000
MOBILITE REDUITE;A5;AR;1;109300
MOBILITE REDUITE;A5;AR;1;123400
MOBILITE REDUITE;A5;AR;1;174810
MOBILITE REDUITE;A5;AR;1;219420
PIQUE_NIQUE;A5;AR;1;46920
PIQUE_NIQUE;A5;AR;1;68000
PIQUE_NIQUE;A5;AR;1;109300
PIQUE_NIQUE;A5;AR;1;123400
PIQUE_NIQUE;A5;AR;1;174810
PIQUE_NIQUE;A5;AR;1;219420
PRESSE;A5;AR;1;46920
PRODUITS_REGIONAUX;A5;AR;1;46920
TABAC;A5;AR;1;46920
TELEPHONE;A5;AR;1;46920
TELEPHONE;A5;AR;1;68000
TELEPHONE;A5;AR;1;109300
TELEPHONE;A5;AR;1;123400
TELEPHONE;A5;AR;1;174810
TELEPHONE;A5;AR;1;219420
BRUMISATEUR;A5;AR;2;67000
BRUMISATEUR;A5;AR;2;109400
BRUMISATEUR;A5;AR;2;219420
DAB;A5;AR;2;219420
JEUX;A5;AR;2;46800
JEUX;A5;AR;2;67000
JEUX;A5;AR;2;109400
JEUX;A5;AR;2;124600
JEUX;A5;AR;2;174810
JEUX;A5;AR;2;219420
MOBILITE REDUITE;A5;AR;2;46800
MOBILITE REDUITE;A5;AR;2;67000
MOBILITE REDUITE;A5;AR;2;109400
MOBILITE REDUITE;A5;AR;2;124600
MOBILITE REDUITE;A5;AR;2;174810
MOBILITE REDUITE;A5;AR;2;219420
PIQUE_NIQUE;A5;AR;2;46800
PIQUE_NIQUE;A5;AR;2;67000
PIQUE_NIQUE;A5;AR;2;109400
PIQUE_NIQUE;A5;AR;2;124600
PIQUE_NIQUE;A5;AR;2;174810
PIQUE_NIQUE;A5;AR;2;219420
PRESSE;A5;AR;2;67000
PRODUITS_REGIONAUX;A5;AR;2;67000
PRODUITS_REGIONAUX;A5;AR;2;219420
TABAC;A5;AR;2;67000
TELEPHONE;A5;AR;2;46800
TELEPHONE;A5;AR;2;67000
TELEPHONE;A5;AR;2;109400
TELEPHONE;A5;AR;2;124600
TELEPHONE;A5;AR;2;174810
TELEPHONE;A5;AR;2;219420
VIDANGE;A5;AR;2;67000
Vente Liber-t;A5;AR;2;219420
BRUMISATEUR;A5;AS;1;30100
BRUMISATEUR;A5;AS;1;84980
DAB;A5;AS;1;30100
DAB;A5;AS;1;84980
Information;A5;AS;1;84980
JEUX;A5;AS;1;30100
JEUX;A5;AS;1;84980
JEUX;A5;AS;1;140200
DAB;A105;AD;1;5000
JEUX;A105;AD;1;5000
MOBILITE REDUITE;A105;AD;1;5000
PIQUE_NIQUE;A105;AD;1;5000
TELEPHONE;A105;AD;1;5000
JEUX;A105;AS;2;5000
MOBILITE REDUITE;A105;AS;2;5000
PARCOURS_DETENTE;A105;AS;2;5000
PIQUE_NIQUE;A105;AS;2;5000
PRESSE;A105;AS;2;5000
TELEPHONE;A105;AS;2;5000
JEUX;A19;AD;2;16000
MOBILITE REDUITE;A19;AD;2;16000
PIQUE_NIQUE;A19;AD;2;16000
TELEPHONE;A19;AD;2;16000
JEUX;A19;AS;1;15620
MOBILITE REDUITE;A19;AS;1;15620
PIQUE_NIQUE;A19;AS;1;15620
TELEPHONE;A19;AS;1;15620
BRUMISATEUR;A26;AR;1;382900
JEUX;A26;AR;1;382900
MOBILITE REDUITE;A26;AR;1;382900
PIQUE_NIQUE;A26;AR;1;382900
STATION GONFLAGE;A26;AR;1;382900
TELEPHONE;A26;AR;1;382900
VIDANGE;A26;AR;1;382900
DAB;A26;AR;2;382500
JEUX;A26;AR;2;382500
MOBILITE REDUITE;A26;AR;2;382500
PIQUE_NIQUE;A26;AR;2;382500
PRESSE;A26;AR;2;382500
PRODUITS_REGIONAUX;A26;AR;2;382500
TELEPHONE;A26;AR;2;382500
JEUX;A31;AD;1;56100
MOBILITE REDUITE;A31;AD;1;56100
PIQUE_NIQUE;A31;AD;1;56100
TELEPHONE;A31;AD;1;56100
BRUMISATEUR;A31;AR;1;162100
BRUMISATEUR;A31;AR;1;211300
DAB;A31;AR;1;7200
DAB;A31;AR;1;162100
Information;A31;AR;1;162100
JEUX;A31;AR;1;7200
JEUX;A31;AR;1;16900
JEUX;A31;AR;1;45100
JEUX;A31;AR;1;75800
JEUX;A31;AR;1;87900
JEUX;A31;AR;1;121700
JEUX;A31;AR;1;162100
JEUX;A31;AR;1;200900
JEUX;A31;AR;1;211300
JEUX;A31;AR;1;225500
MOBILITE REDUITE;A31;AR;1;7200
MOBILITE REDUITE;A31;AR;1;16900
MOBILITE REDUITE;A31;AR;1;45100
MOBILITE REDUITE;A31;AR;1;75800
MOBILITE REDUITE;A31;AR;1;87900
MOBILITE REDUITE;A31;AR;1;121700
MOBILITE REDUITE;A31;AR;1;162100
MOBILITE REDUITE;A31;AR;1;200900
MOBILITE REDUITE;A31;AR;1;211300
MOBILITE REDUITE;A31;AR;1;225500
PANORAMA;A31;AR;1;45100
PIQUE_NIQUE;A31;AR;1;7200
PIQUE_NIQUE;A31;AR;1;16900
PIQUE_NIQUE;A31;AR;1;45100
PIQUE_NIQUE;A31;AR;1;75800
PIQUE_NIQUE;A31;AR;1;87900
PIQUE_NIQUE;A31;AR;1;121700
PIQUE_NIQUE;A31;AR;1;162100
PIQUE_NIQUE;A31;AR;1;200900
PIQUE_NIQUE;A31;AR;1;211300
PIQUE_NIQUE;A31;AR;1;225500
PRESSE;A31;AR;1;7200
PRESSE;A31;AR;1;45100
PRESSE;A31;AR;1;162100
PRODUITS_REGIONAUX;A31;AR;1;162100
TABAC;A31;AR;1;162100
TELEPHONE;A31;AR;1;7200
TELEPHONE;A31;AR;1;16900
TELEPHONE;A31;AR;1;45100
TELEPHONE;A31;AR;1;75800
TELEPHONE;A31;AR;1;87900
TELEPHONE;A31;AR;1;121700
TELEPHONE;A31;AR;1;162100
TELEPHONE;A31;AR;1;200900
TELEPHONE;A31;AR;1;211300
TELEPHONE;A31;AR;1;225500
VIDANGE;A31;AR;1;162100
VIDANGE;A31;AR;1;211300
Vente Liber-t;A31;AR;1;162100
BRUMISATEUR;A31;AR;2;17400
BRUMISATEUR;A31;AR;2;75800
BRUMISATEUR;A31;AR;2;87900
BRUMISATEUR;A31;AR;2;162100
BRUMISATEUR;A31;AR;2;211300
DAB;A31;AR;2;7800
DAB;A31;AR;2;17400
DAB;A31;AR;2;45100
DAB;A31;AR;2;121700
DAB;A31;AR;2;162100
JEUX;A31;AR;2;7800
JEUX;A31;AR;2;17400
JEUX;A31;AR;2;45100
JEUX;A31;AR;2;75800
JEUX;A31;AR;2;87900
JEUX;A31;AR;2;121700
JEUX;A31;AR;2;162100
JEUX;A31;AR;2;200900
JEUX;A31;AR;2;211300
JEUX;A31;AR;2;225500
MOBILITE REDUITE;A31;AR;2;7800
MOBILITE REDUITE;A31;AR;2;17400
MOBILITE REDUITE;A31;AR;2;45100
MOBILITE REDUITE;A31;AR;2;75800
MOBILITE REDUITE;A31;AR;2;87900
MOBILITE REDUITE;A31;AR;2;121700
MOBILITE REDUITE;A31;AR;2;162100
MOBILITE REDUITE;A31;AR;2;200900
MOBILITE REDUITE;A31;AR;2;211300
MOBILITE REDUITE;A31;AR;2;225500
BRUMISATEUR;A40;AR;1;103000
BRUMISATEUR;A40;AR;1;115500
DAB;A40;AR;1;115500
Information;A40;AR;1;103000
Information;A40;AR;1;115500
JEUX;A40;AR;1;103000
JEUX;A40;AR;1;115500
JEUX;A40;AR;1;140300
JEUX;A40;AR;1;152630
JEUX;A40;AR;1;191180
MOBILITE REDUITE;A40;AR;1;103000
MOBILITE REDUITE;A40;AR;1;115500
MOBILITE REDUITE;A40;AR;1;140300
MOBILITE REDUITE;A40;AR;1;152630
MOBILITE REDUITE;A40;AR;1;191180
PANORAMA;A40;AR;1;103000
PARCOURS_DETENTE;A40;AR;1;103000
PARCOURS_DETENTE;A40;AR;1;191180
PIQUE_NIQUE;A40;AR;1;103000
PIQUE_NIQUE;A40;AR;1;115500
PIQUE_NIQUE;A40;AR;1;140300
PIQUE_NIQUE;A40;AR;1;152630
PIQUE_NIQUE;A40;AR;1;191180
PRESSE;A40;AR;1;103000
PRESSE;A40;AR;1;115500
PRODUITS_REGIONAUX;A40;AR;1;103000
PRODUITS_REGIONAUX;A40;AR;1;115500
SUPERETTE;A40;AR;1;115500
TABAC;A40;AR;1;103000
TELEPHONE;A40;AR;1;103000
TELEPHONE;A40;AR;1;115500
TELEPHONE;A40;AR;1;140300
TELEPHONE;A40;AR;1;152630
TELEPHONE;A40;AR;1;191180
BRUMISATEUR;A40;AR;2;152600
DAB;A40;AR;2;115500
JEUX;A40;AR;2;103000
JEUX;A40;AR;2;115500
JEUX;A40;AR;2;152600
JEUX;A40;AR;2;191150
MOBILITE REDUITE;A40;AR;2;103000
MOBILITE REDUITE;A40;AR;2;115500
MOBILITE REDUITE;A40;AR;2;152600
MOBILITE REDUITE;A40;AR;2;191150
PANORAMA;A40;AR;2;152600
PARCOURS_DETENTE;A40;AR;2;115500
PARCOURS_DETENTE;A40;AR;2;152600
PARCOURS_DETENTE;A40;AR;2;191150
PIQUE_NIQUE;A40;AR;2;103000
PIQUE_NIQUE;A40;AR;2;115500
PIQUE_NIQUE;A40;AR;2;152600
PIQUE_NIQUE;A40;AR;2;191150
PRESSE;A40;AR;2;115500
PRODUITS_REGIONAUX;A40;AR;2;115500
STATION GONFLAGE;A40;AR;2;115500
STATION GONFLAGE;A40;AR;2;152600
TELEPHONE;A40;AR;2;103000
TELEPHONE;A40;AR;2;115500
TELEPHONE;A40;AR;2;152600
TELEPHONE;A40;AR;2;191150
Vente Liber-t;A40;AR;2;103000
BRUMISATEUR;A40;AS;1;130700
BRUMISATEUR;A40;AS;1;163240
DAB;A40;AS;1;130700
DAB;A40;AS;1;163240
JEUX;A40;AS;1;130700
JEUX;A40;AS;1;163240
MOBILITE REDUITE;A40;AS;1;130700
MOBILITE REDUITE;A40;AS;1;163240
PIQUE_NIQUE;A40;AS;1;130700
PIQUE_NIQUE;A40;AS;1;163240
PRESSE;A40;AS;1;130700
PRESSE;A40;AS;1;163240
PRODUITS_REGIONAUX;A40;AS;1;130700
TELEPHONE;A40;AS;1;130700
TELEPHONE;A40;AS;1;163240
Vente Liber-t;A40;AS;1;130700
BRUMISATEUR;A40;AS;2;163400
Information;A40;AS;2;163400
JEUX;A40;AS;2;130900
JEUX;A40;AS;2;163400
MOBILITE REDUITE;A40;AS;2;130900
MOBILITE REDUITE;A40;AS;2;163400
PARCOURS_DETENTE;A40;AS;2;163400
PIQUE_NIQUE;A40;AS;2;130900
PIQUE_NIQUE;A40;AS;2;163400
PRESSE;A40;AS;2;163400
STATION GONFLAGE;A40;AS;2;130900
STATION GONFLAGE;A40;AS;2;163400
TELEPHONE;A40;AS;2;130900
TELEPHONE;A40;AS;2;163400
VIDANGE;A40;AS;2;163400
JEUX;A404;PB;1;12550
MOBILITE REDUITE;A404;PB;1;12550
PARCOURS_DETENTE;A404;PB;1;12550
PIQUE_NIQUE;A404;PB;1;12550
TELEPHONE;A404;PB;1;12550
DAB;A404;PB;2;12550
JEUX;A404;PB;2;12550
MOBILITE REDUITE;A404;PB;2;12550
PIQUE_NIQUE;A404;PB;2;12550
PRESSE;A404;PB;2;12550
STATION GONFLAGE;A404;PB;2;12550
TABAC;A404;PB;2;12550
TELEPHONE;A404;PB;2;12550
DAB;A42;AR;1;32600
JEUX;A42;AR;1;9800
JEUX;A42;AR;1;32600
MOBILITE REDUITE;A42;AR;1;9800
MOBILITE REDUITE;A42;AR;1;32600
PANORAMA;A42;AR;1;9800
PIQUE_NIQUE;A42;AR;1;9800
PIQUE_NIQUE;A42;AR;1;32600
PRESSE;A42;AR;1;32600
PRODUITS_REGIONAUX;A42;AR;1;32600
STATION GONFLAGE;A42;AR;1;32600
TABAC;A42;AR;1;32600
TELEPHONE;A42;AR;1;9800
TELEPHONE;A42;AR;1;32600
MOBILITE REDUITE;A5;AS;1;30100
MOBILITE REDUITE;A5;AS;1;84980
MOBILITE REDUITE;A5;AS;1;140200
PIQUE_NIQUE;A5;AS;1;30100
PIQUE_NIQUE;A5;AS;1;84980
PIQUE_NIQUE;A5;AS;1;140200
PRESSE;A5;AS;1;30100
PRESSE;A5;AS;1;84980
PRODUITS_REGIONAUX;A5;AS;1;84980
STATION GONFLAGE;A5;AS;1;30100
TABAC;A5;AS;1;30100
TABAC;A5;AS;1;84980
TELEPHONE;A5;AS;1;30100
TELEPHONE;A5;AS;1;84980
TELEPHONE;A5;AS;1;140200
VIDANGE;A5;AS;1;30100
VIDANGE;A5;AS;1;84980
VIDANGE;A5;AS;1;140200
BRUMISATEUR;A5;AS;2;85000
BRUMISATEUR;A5;AS;2;200070
DAB;A5;AS;2;30030
DAB;A5;AS;2;200070
JEUX;A5;AS;2;30030
JEUX;A5;AS;2;85000
JEUX;A5;AS;2;140200
JEUX;A5;AS;2;200070
MOBILITE REDUITE;A5;AS;2;30030
MOBILITE REDUITE;A5;AS;2;85000
MOBILITE REDUITE;A5;AS;2;140200
MOBILITE REDUITE;A5;AS;2;200070
PANORAMA;A5;AS;2;140200
PARCOURS_DETENTE;A5;AS;2;140200
PIQUE_NIQUE;A5;AS;2;30030
PIQUE_NIQUE;A5;AS;2;85000
PIQUE_NIQUE;A5;AS;2;140200
PIQUE_NIQUE;A5;AS;2;200070
PRESSE;A5;AS;2;30030
PRESSE;A5;AS;2;85000
PRESSE;A5;AS;2;200070
PRODUITS_REGIONAUX;A5;AS;2;30030
PRODUITS_REGIONAUX;A5;AS;2;85000
PRODUITS_REGIONAUX;A5;AS;2;200070
STATION GONFLAGE;A5;AS;2;30030
STATION GONFLAGE;A5;AS;2;85000
SUPERETTE;A5;AS;2;30030
SUPERETTE;A5;AS;2;85000
TABAC;A5;AS;2;30030
TABAC;A5;AS;2;85000
TELEPHONE;A5;AS;2;30030
TELEPHONE;A5;AS;2;85000
TELEPHONE;A5;AS;2;140200
TELEPHONE;A5;AS;2;200070
Vente Liber-t;A5;AS;2;30030
Vente Liber-t;A5;AS;2;85000
JEUX;A5;PB;1;1490
MOBILITE REDUITE;A5;PB;1;1490
PARCOURS_DETENTE;A5;PB;1;1490
PIQUE_NIQUE;A5;PB;1;1490
TELEPHONE;A5;PB;1;1490
Vente Liber-t;A5;PB;1;1490
JEUX;A5;PB;2;1490
MOBILITE REDUITE;A5;PB;2;1490
PIQUE_NIQUE;A5;PB;2;1490
TELEPHONE;A5;PB;2;1490
MOBILITE REDUITE;A5;Sortie;2;208000
TELEPHONE;A5;Sortie;2;208000
JEUX;A5A;AS;1;5985
MOBILITE REDUITE;A5A;AS;1;5985
PARCOURS_DETENTE;A5A;AS;1;5985
PIQUE_NIQUE;A5A;AS;1;5985
TELEPHONE;A5A;AS;1;5985
BRUMISATEUR;A6;AR;1;50250
BRUMISATEUR;A6;AR;1;65500
BRUMISATEUR;A6;AR;1;85600
BRUMISATEUR;A6;AR;1;102700
BRUMISATEUR;A6;AR;1;149600
BRUMISATEUR;A6;AR;1;280300
BRUMISATEUR;A6;AR;1;295600
BRUMISATEUR;A6;AR;1;351900
BRUMISATEUR;A6;AR;1;397000
BRUMISATEUR;A6;AR;1;419500
DAB;A6;AR;1;65500
DAB;A6;AR;1;85600
DAB;A6;AR;1;149600
DAB;A6;AR;1;351900
DAB;A6;AR;1;397000
Information;A6;AR;1;50250
JEUX;A6;AR;1;116700
JEUX;A6;AR;1;133200
JEUX;A6;AR;1;149600
JEUX;A6;AR;1;158500
JEUX;A6;AR;1;173800
JEUX;A6;AR;1;186900
JEUX;A6;AR;1;198100
JEUX;A6;AR;1;222600
JEUX;A6;AR;1;232700
JEUX;A6;AR;1;242100
JEUX;A6;AR;1;269000
JEUX;A6;AR;1;280300
JEUX;A6;AR;1;295600
JEUX;A6;AR;1;322700
JEUX;A6;AR;1;351900
JEUX;A6;AR;1;363700
JEUX;A6;AR;1;397000
JEUX;A6;AR;1;419500
MOBILITE REDUITE;A6;AR;1;50250
MOBILITE REDUITE;A6;AR;1;65500
MOBILITE REDUITE;A6;AR;1;85600
MOBILITE REDUITE;A6;AR;1;90800
MOBILITE REDUITE;A6;AR;1;102700
MOBILITE REDUITE;A6;AR;1;116700
MOBILITE REDUITE;A6;AR;1;133200
MOBILITE REDUITE;A6;AR;1;149600
MOBILITE REDUITE;A6;AR;1;158500
MOBILITE REDUITE;A6;AR;1;173800
MOBILITE REDUITE;A6;AR;1;186900
MOBILITE REDUITE;A6;AR;1;198100
MOBILITE REDUITE;A6;AR;1;222600
MOBILITE REDUITE;A6;AR;1;232700
MOBILITE REDUITE;A6;AR;1;242100
MOBILITE REDUITE;A6;AR;1;269000
MOBILITE REDUITE;A6;AR;1;280300
MOBILITE REDUITE;A6;AR;1;295600
MOBILITE REDUITE;A6;AR;1;322700
PANORAMA;A31;AR;2;17400
PANORAMA;A31;AR;2;121700
PARCOURS_DETENTE;A31;AR;2;87900
PARCOURS_DETENTE;A31;AR;2;121700
PARCOURS_DETENTE;A31;AR;2;200900
PIQUE_NIQUE;A31;AR;2;7800
PIQUE_NIQUE;A31;AR;2;17400
PIQUE_NIQUE;A31;AR;2;45100
PIQUE_NIQUE;A31;AR;2;75800
PIQUE_NIQUE;A31;AR;2;87900
PIQUE_NIQUE;A31;AR;2;121700
PIQUE_NIQUE;A31;AR;2;162100
PIQUE_NIQUE;A31;AR;2;200900
PIQUE_NIQUE;A31;AR;2;211300
PIQUE_NIQUE;A31;AR;2;225500
PRESSE;A31;AR;2;17400
PRESSE;A31;AR;2;45100
PRESSE;A31;AR;2;75800
PRESSE;A31;AR;2;162100
PRODUITS_REGIONAUX;A31;AR;2;7800
PRODUITS_REGIONAUX;A31;AR;2;17400
PRODUITS_REGIONAUX;A31;AR;2;75800
PRODUITS_REGIONAUX;A31;AR;2;121700
PRODUITS_REGIONAUX;A31;AR;2;162100
PRODUITS_REGIONAUX;A31;AR;2;211300
STATION GONFLAGE;A31;AR;2;75800
SUPERETTE;A31;AR;2;75800
SUPERETTE;A31;AR;2;121700
SUPERETTE;A31;AR;2;211300
TABAC;A31;AR;2;75800
TELEPHONE;A31;AR;2;7800
TELEPHONE;A31;AR;2;17400
TELEPHONE;A31;AR;2;45100
TELEPHONE;A31;AR;2;75800
TELEPHONE;A31;AR;2;87900
TELEPHONE;A31;AR;2;121700
TELEPHONE;A31;AR;2;162100
TELEPHONE;A31;AR;2;200900
TELEPHONE;A31;AR;2;211300
TELEPHONE;A31;AR;2;225500
Vente Liber-t;A31;AR;2;225500
BRUMISATEUR;A31;AS;1;102900
BRUMISATEUR;A31;AS;1;182300
BRUMISATEUR;A31;AS;1;232000
DAB;A31;AS;1;102900
DAB;A31;AS;1;232000
JEUX;A31;AS;1;25700
JEUX;A31;AS;1;102900
JEUX;A31;AS;1;137700
JEUX;A31;AS;1;182300
JEUX;A31;AS;1;232000
MOBILITE REDUITE;A31;AS;1;25700
MOBILITE REDUITE;A31;AS;1;102900
MOBILITE REDUITE;A31;AS;1;137700
MOBILITE REDUITE;A31;AS;1;182300
MOBILITE REDUITE;A31;AS;1;232000
PIQUE_NIQUE;A31;AS;1;25700
PIQUE_NIQUE;A31;AS;1;102900
PIQUE_NIQUE;A31;AS;1;137700
PIQUE_NIQUE;A31;AS;1;182300
PIQUE_NIQUE;A31;AS;1;232000
PRODUITS_REGIONAUX;A31;AS;1;182300
PRODUITS_REGIONAUX;A31;AS;1;232000
TELEPHONE;A31;AS;1;25700
TELEPHONE;A31;AS;1;102900
TELEPHONE;A31;AS;1;137700
TELEPHONE;A31;AS;1;182300
TELEPHONE;A31;AS;1;232000
VIDANGE;A31;AS;1;102900
BRUMISATEUR;A31;AS;2;56100
BRUMISATEUR;A31;AS;2;137700
BRUMISATEUR;A31;AS;2;182300
DAB;A31;AS;2;25600
DAB;A31;AS;2;137700
DAB;A31;AS;2;182300
Information;A31;AS;2;232000
JEUX;A31;AS;2;25600
JEUX;A31;AS;2;56100
JEUX;A31;AS;2;102900
JEUX;A31;AS;2;137700
JEUX;A31;AS;2;182300
JEUX;A31;AS;2;232000
MOBILITE REDUITE;A31;AS;2;25600
MOBILITE REDUITE;A31;AS;2;56100
MOBILITE REDUITE;A31;AS;2;102900
MOBILITE REDUITE;A31;AS;2;137700
MOBILITE REDUITE;A31;AS;2;182300
MOBILITE REDUITE;A31;AS;2;232000
PARCOURS_DETENTE;A31;AS;2;137700
PIQUE_NIQUE;A31;AS;2;25600
PIQUE_NIQUE;A31;AS;2;56100
PIQUE_NIQUE;A31;AS;2;102900
PIQUE_NIQUE;A31;AS;2;137700
PIQUE_NIQUE;A31;AS;2;182300
PIQUE_NIQUE;A31;AS;2;232000
PRESSE;A31;AS;2;25600
PRODUITS_REGIONAUX;A31;AS;2;25600
PRODUITS_REGIONAUX;A31;AS;2;56100
PRODUITS_REGIONAUX;A31;AS;2;137700
STATION GONFLAGE;A31;AS;2;25600
STATION GONFLAGE;A31;AS;2;232000
SUPERETTE;A31;AS;2;25600
TABAC;A31;AS;2;25600
TELEPHONE;A31;AS;2;25600
TELEPHONE;A31;AS;2;56100
TELEPHONE;A31;AS;2;102900
TELEPHONE;A31;AS;2;137700
TELEPHONE;A31;AS;2;182300
TELEPHONE;A31;AS;2;232000
VIDANGE;A31;AS;2;56100
VIDANGE;A31;AS;2;232000
Vente Liber-t;A31;AS;2;25600
Vente Liber-t;A31;AS;2;56100
Vente Liber-t;A31;AS;2;182300
Vente Liber-t;A31;AS;2;232000
MOBILITE REDUITE;A31;Sortie;1;28000
MOBILITE REDUITE;A31;Sortie;1;100000
TELEPHONE;A31;Sortie;1;28000
TELEPHONE;A31;Sortie;1;100000
VIDANGE;A31;Sortie;1;28000
MOBILITE REDUITE;A31;Sortie;2;215000
TELEPHONE;A31;Sortie;2;215000
MOBILITE REDUITE;A311;PB;1;30800
TELEPHONE;A311;PB;1;30800
Vente Liber-t;A311;PB;1;30800
MOBILITE REDUITE;A311;PB;2;30800
TELEPHONE;A311;PB;2;30800
MOBILITE REDUITE;A6;AS;1;407800
MOBILITE REDUITE;A6;AS;1;435600
MOBILITE REDUITE;A6;AS;1;450089
OUI Shop;A6;AS;1;450089
PANORAMA;A6;AS;1;435600
PARCOURS_DETENTE;A6;AS;1;212900
PARCOURS_DETENTE;A6;AS;1;286400
PIQUE_NIQUE;A6;AS;1;29000
PIQUE_NIQUE;A6;AS;1;58000
PIQUE_NIQUE;A6;AS;1;74100
PIQUE_NIQUE;A6;AS;1;122900
PIQUE_NIQUE;A6;AS;1;167000
PIQUE_NIQUE;A6;AS;1;212900
PIQUE_NIQUE;A6;AS;1;255400
PIQUE_NIQUE;A6;AS;1;286400
PIQUE_NIQUE;A6;AS;1;311300
PIQUE_NIQUE;A6;AS;1;341700
PIQUE_NIQUE;A6;AS;1;374800
PIQUE_NIQUE;A6;AS;1;407800
PIQUE_NIQUE;A6;AS;1;435600
PIQUE_NIQUE;A6;AS;1;450089
PRESSE;A6;AS;1;255400
STATION GONFLAGE;A6;AS;1;74100
SUPERETTE;A6;AS;1;450089
TELEPHONE;A6;AS;1;29000
TELEPHONE;A6;AS;1;58000
TELEPHONE;A6;AS;1;74100
TELEPHONE;A6;AS;1;122900
TELEPHONE;A6;AS;1;167000
TELEPHONE;A6;AS;1;212900
TELEPHONE;A6;AS;1;255400
TELEPHONE;A6;AS;1;286400
TELEPHONE;A6;AS;1;311300
TELEPHONE;A6;AS;1;341700
TELEPHONE;A6;AS;1;374800
TELEPHONE;A6;AS;1;407800
TELEPHONE;A6;AS;1;435600
TELEPHONE;A6;AS;1;450089
Vente Liber-t;A6;AS;1;311300
WIFI;A6;AS;1;450089
BRUMISATEUR;A6;AS;2;285500
BRUMISATEUR;A6;AS;2;341700
BRUMISATEUR;A6;AS;2;408400
BRUMISATEUR;A6;AS;2;445700
DAB;A6;AS;2;58000
DAB;A6;AS;2;285500
DAB;A6;AS;2;408400
DAB;A6;AS;2;435800
DAB;A6;AS;2;445700
Information;A6;AS;2;285500
JEUX;A6;AS;2;122900
JEUX;A6;AS;2;167000
JEUX;A6;AS;2;213000
JEUX;A6;AS;2;256000
JEUX;A6;AS;2;285500
JEUX;A6;AS;2;311300
JEUX;A6;AS;2;341700
JEUX;A6;AS;2;374800
JEUX;A6;AS;2;408400
JEUX;A6;AS;2;435800
JEUX;A6;AS;2;445700
MOBILITE REDUITE;A6;AS;2;29000
MOBILITE REDUITE;A6;AS;2;58000
MOBILITE REDUITE;A6;AS;2;74100
MOBILITE REDUITE;A6;AS;2;122900
MOBILITE REDUITE;A6;AS;2;167000
MOBILITE REDUITE;A6;AS;2;213000
MOBILITE REDUITE;A6;AS;2;256000
MOBILITE REDUITE;A6;AS;2;285500
MOBILITE REDUITE;A6;AS;2;311300
MOBILITE REDUITE;A6;AS;2;341700
MOBILITE REDUITE;A6;AS;2;374800
MOBILITE REDUITE;A6;AS;2;408400
MOBILITE REDUITE;A6;AS;2;435800
MOBILITE REDUITE;A6;AS;2;445700
PANORAMA;A6;AS;2;311300
PANORAMA;A6;AS;2;341700
PANORAMA;A6;AS;2;408400
PARCOURS_DETENTE;A6;AS;2;58000
PARCOURS_DETENTE;A6;AS;2;311300
PARCOURS_DETENTE;A6;AS;2;341700
PARCOURS_DETENTE;A6;AS;2;374800
PIQUE_NIQUE;A6;AS;2;29000
PIQUE_NIQUE;A6;AS;2;58000
PIQUE_NIQUE;A6;AS;2;74100
PIQUE_NIQUE;A6;AS;2;122900
PIQUE_NIQUE;A6;AS;2;167000
PIQUE_NIQUE;A6;AS;2;213000
PIQUE_NIQUE;A6;AS;2;256000
PIQUE_NIQUE;A6;AS;2;285500
PIQUE_NIQUE;A6;AS;2;311300
PIQUE_NIQUE;A6;AS;2;341700
PIQUE_NIQUE;A6;AS;2;374800
PIQUE_NIQUE;A6;AS;2;408400
PIQUE_NIQUE;A6;AS;2;435800
PIQUE_NIQUE;A6;AS;2;445700
PRESSE;A6;AS;2;58000
PRESSE;A6;AS;2;285500
PRESSE;A6;AS;2;408400
PRESSE;A6;AS;2;445700
PRODUITS_REGIONAUX;A6;AS;2;58000
PRODUITS_REGIONAUX;A6;AS;2;213000
PRODUITS_REGIONAUX;A6;AS;2;285500
PRODUITS_REGIONAUX;A6;AS;2;408400
PRODUITS_REGIONAUX;A6;AS;2;445700
Relay;A6;AS;2;408400
STATION GONFLAGE;A6;AS;2;58000
STATION GONFLAGE;A6;AS;2;74100
SUPERETTE;A6;AS;2;285500
TELEPHONE;A6;AS;2;29000
TELEPHONE;A6;AS;2;58000
TELEPHONE;A6;AS;2;74100
TELEPHONE;A6;AS;2;122900
TELEPHONE;A6;AS;2;167000
TELEPHONE;A6;AS;2;213000
TELEPHONE;A6;AS;2;256000
TELEPHONE;A6;AS;2;285500
TELEPHONE;A6;AS;2;311300
TELEPHONE;A6;AS;2;341700
TELEPHONE;A6;AS;2;374800
TELEPHONE;A6;AS;2;408400
TELEPHONE;A6;AS;2;435800
TELEPHONE;A6;AS;2;445700
JEUX;A6;PB;1;427400
MOBILITE REDUITE;A6;PB;1;427400
PIQUE_NIQUE;A6;PB;1;427400
TELEPHONE;A6;PB;1;427400
JEUX;A6;PB;2;427200
MOBILITE REDUITE;A6;PB;2;427200
PIQUE_NIQUE;A6;PB;2;427200
TELEPHONE;A6;PB;2;427200
Vente Liber-t;A6;PB;2;427200
MOBILITE REDUITE;A6;Sortie;1;154000
MOBILITE REDUITE;A6;Sortie;1;307000
PANORAMA;A6;Sortie;1;307000
TELEPHONE;A6;Sortie;1;154000
TELEPHONE;A6;Sortie;1;307000
JEUX;A6;Sortie;2;209000
MOBILITE REDUITE;A6;Sortie;2;209000
MOBILITE REDUITE;A6;Sortie;2;329000
MOBILITE REDUITE;A6;Sortie;2;381000
PANORAMA;A6;Sortie;2;209000
PANORAMA;A6;Sortie;2;381000
PARCOURS_DETENTE;A6;Sortie;2;209000
PIQUE_NIQUE;A6;Sortie;2;209000
TELEPHONE;A6;Sortie;2;209000
TELEPHONE;A6;Sortie;2;329000
TELEPHONE;A6;Sortie;2;381000
MOBILITE REDUITE;A71;AD;2;246200
MOBILITE REDUITE;A71;AD;2;355000
PARCOURS_DETENTE;A71;AD;2;246200
PRODUITS_REGIONAUX;A71;AD;2;355000
TELEPHONE;A71;AD;2;355000
BRUMISATEUR;A71;AR;1;219200
BRUMISATEUR;A71;AR;1;276610
BRUMISATEUR;A71;AR;1;333330
DAB;A71;AR;1;276610
Information;A71;AR;1;219200
MOBILITE REDUITE;A71;AR;1;219200
MOBILITE REDUITE;A71;AR;1;276610
MOBILITE REDUITE;A71;AR;1;333330
MOBILITE REDUITE;A71;AR;1;371730
PANORAMA;A71;AR;1;219200
PARCOURS_DETENTE;A71;AR;1;219200
PARCOURS_DETENTE;A71;AR;1;333330
PIQUE_NIQUE;A71;AR;1;219200
PIQUE_NIQUE;A71;AR;1;276610
PIQUE_NIQUE;A71;AR;1;333330
PIQUE_NIQUE;A71;AR;1;371730
PRESSE;A71;AR;1;219200
PRESSE;A71;AR;1;276610
PRODUITS_REGIONAUX;A71;AR;1;219200
PRODUITS_REGIONAUX;A71;AR;1;276610
STATION GONFLAGE;A71;AR;1;333330
STATION GONFLAGE;A71;AR;1;371730
TABAC;A71;AR;1;219200
TELEPHONE;A71;AR;1;219200
TELEPHONE;A71;AR;1;276610
TELEPHONE;A71;AR;1;333330
TELEPHONE;A71;AR;1;371730
BRUMISATEUR;A71;AR;2;333420
DAB;A71;AR;2;333420
Information;A71;AR;2;213490
MOBILITE REDUITE;A71;AR;2;213490
MOBILITE REDUITE;A71;AR;2;276430
MOBILITE REDUITE;A71;AR;2;333420
MOBILITE REDUITE;A71;AR;2;371690
PARCOURS_DETENTE;A71;AR;2;276430
PRESSE;A71;AR;2;213490
PRESSE;A71;AR;2;333420
PRODUITS_REGIONAUX;A71;AR;2;333420
STATION GONFLAGE;A71;AR;2;213490
TABAC;A71;AR;2;333420
TELEPHONE;A71;AR;2;213490
TELEPHONE;A71;AR;2;276430
TELEPHONE;A71;AR;2;333420
TELEPHONE;A71;AR;2;371690
BRUMISATEUR;A71;AS;1;245990
DAB;A71;AS;1;245990
DAB;A71;AS;1;304300
MOBILITE REDUITE;A71;AS;1;245990
MOBILITE REDUITE;A71;AS;1;304300
MOBILITE REDUITE;A71;AS;1;354890
PANORAMA;A71;AS;1;354890
PARCOURS_DETENTE;A71;AS;1;354890
PIQUE_NIQUE;A71;AS;1;245990
PIQUE_NIQUE;A71;AS;1;304300
PIQUE_NIQUE;A71;AS;1;354890
PRESSE;A71;AS;1;245990
PRESSE;A71;AS;1;304300
PRODUITS_REGIONAUX;A71;AS;1;245990
PRODUITS_REGIONAUX;A71;AS;1;304300
STATION GONFLAGE;A71;AS;1;245990
STATION GONFLAGE;A71;AS;1;304300
SUPERETTE;A71;AS;1;245990
TABAC;A71;AS;1;245990
TABAC;A71;AS;1;304300
TELEPHONE;A71;AS;1;245990
TELEPHONE;A71;AS;1;304300
TELEPHONE;A71;AS;1;354890
Vente Liber-t;A71;AS;1;354890
MOBILITE REDUITE;A71;AS;2;304390
PRESSE;A71;AS;2;304390
STATION GONFLAGE;A71;AS;2;304390
TABAC;A71;AS;2;304390
TELEPHONE;A71;AS;2;304390
MOBILITE REDUITE;A71;PB;1;381000
PANORAMA;A71;PB;1;381000
PIQUE_NIQUE;A71;PB;1;381000
MOBILITE REDUITE;A71;PB;2;381000
Vente Liber-t;A71;PB;2;381000
MOBILITE REDUITE;A719;PB;1;1010
MOBILITE REDUITE;A719;PB;2;1010
MOBILITE REDUITE;A77;AD;2;45000
MOBILITE REDUITE;A77;AR;1;11330
MOBILITE REDUITE;A77;AR;1;30360
MOBILITE REDUITE;A77;AR;1;64210
MOBILITE REDUITE;A77;AR;1;88310
TELEPHONE;A77;AR;1;64210
MOBILITE REDUITE;A77;AR;2;12290
MOBILITE REDUITE;A77;AR;2;30320
MOBILITE REDUITE;A77;AR;2;64290
MOBILITE REDUITE;A77;AR;2;88700
PRESSE;A77;AR;2;12290
PRODUITS_REGIONAUX;A77;AR;2;12290
TABAC;A77;AR;2;12290
TELEPHONE;A77;AR;2;12290
Vente Liber-t;A77;AR;2;12290
BRUMISATEUR;A77;AS;1;45190
MOBILITE REDUITE;A77;AS;1;45190
TELEPHONE;A77;AS;1;45190
MOBILITE REDUITE;A77;PB;1;5660
MOBILITE REDUITE;A77;PB;1;97410
TELEPHONE;A77;PB;1;5660
TELEPHONE;A77;PB;1;97410
VIDANGE;A77;PB;1;5660
MOBILITE REDUITE;A77;PB;2;5660
PRESSE;A77;PB;2;5660
PRODUITS_REGIONAUX;A77;PB;2;5660
TABAC;A77;PB;2;5660
TELEPHONE;A77;PB;2;5660
VIDANGE;A77;PB;2;5660
MOBILITE REDUITE;A6;AR;2;50250
MOBILITE REDUITE;A6;AR;2;51800
MOBILITE REDUITE;A6;AR;2;85700
MOBILITE REDUITE;A6;AR;2;90800
MOBILITE REDUITE;A6;AR;2;102900
MOBILITE REDUITE;A6;AR;2;132200
MOBILITE REDUITE;A6;AR;2;144700
MOBILITE REDUITE;A6;AR;2;158600
MOBILITE REDUITE;A6;AR;2;179000
MOBILITE REDUITE;A6;AR;2;184600
MOBILITE REDUITE;A6;AR;2;199100
MOBILITE REDUITE;A6;AR;2;219600
MOBILITE REDUITE;A6;AR;2;232800
MOBILITE REDUITE;A6;AR;2;242200
MOBILITE REDUITE;A6;AR;2;269100
MOBILITE REDUITE;A6;AR;2;294000
MOBILITE REDUITE;A6;AR;2;298400
MOBILITE REDUITE;A6;AR;2;322900
MOBILITE REDUITE;A6;AR;2;351900
MOBILITE REDUITE;A6;AR;2;364700
MOBILITE REDUITE;A6;AR;2;397000
MOBILITE REDUITE;A6;AR;2;419400
PANORAMA;A6;AR;2;85700
PANORAMA;A6;AR;2;144700
PANORAMA;A6;AR;2;158600
PANORAMA;A6;AR;2;219600
PANORAMA;A6;AR;2;242200
PANORAMA;A6;AR;2;269100
PANORAMA;A6;AR;2;322900
PARCOURS_DETENTE;A6;AR;2;85700
PARCOURS_DETENTE;A6;AR;2;90800
PARCOURS_DETENTE;A6;AR;2;102900
PARCOURS_DETENTE;A6;AR;2;158600
PARCOURS_DETENTE;A6;AR;2;219600
PARCOURS_DETENTE;A6;AR;2;232800
PARCOURS_DETENTE;A6;AR;2;269100
PARCOURS_DETENTE;A6;AR;2;351900
PARCOURS_DETENTE;A6;AR;2;364700
PARCOURS_DETENTE;A6;AR;2;397000
PARCOURS_DETENTE;A6;AR;2;419400
PIQUE_NIQUE;A6;AR;2;50250
PIQUE_NIQUE;A6;AR;2;51800
PIQUE_NIQUE;A6;AR;2;85700
PIQUE_NIQUE;A6;AR;2;90800
PIQUE_NIQUE;A6;AR;2;102900
PIQUE_NIQUE;A6;AR;2;132200
PIQUE_NIQUE;A6;AR;2;144700
PIQUE_NIQUE;A6;AR;2;158600
PIQUE_NIQUE;A6;AR;2;179000
PIQUE_NIQUE;A6;AR;2;184600
PIQUE_NIQUE;A6;AR;2;199100
PIQUE_NIQUE;A6;AR;2;219600
PIQUE_NIQUE;A6;AR;2;232800
PIQUE_NIQUE;A6;AR;2;242200
PIQUE_NIQUE;A6;AR;2;269100
PIQUE_NIQUE;A6;AR;2;294000
PIQUE_NIQUE;A6;AR;2;298400
PIQUE_NIQUE;A6;AR;2;322900
PIQUE_NIQUE;A6;AR;2;351900
PIQUE_NIQUE;A6;AR;2;364700
PIQUE_NIQUE;A6;AR;2;397000
PIQUE_NIQUE;A6;AR;2;419400
PRESSE;A6;AR;2;90800
PRESSE;A6;AR;2;158600
PRESSE;A6;AR;2;179000
PRESSE;A6;AR;2;199100
PRESSE;A6;AR;2;219600
PRODUITS_REGIONAUX;A6;AR;2;132200
PRODUITS_REGIONAUX;A6;AR;2;144700
PRODUITS_REGIONAUX;A6;AR;2;158600
PRODUITS_REGIONAUX;A6;AR;2;199100
PRODUITS_REGIONAUX;A6;AR;2;219600
PRODUITS_REGIONAUX;A6;AR;2;232800
PRODUITS_REGIONAUX;A6;AR;2;294000
STATION GONFLAGE;A6;AR;2;90800
STATION GONFLAGE;A6;AR;2;298400
SUPERETTE;A6;AR;2;219600
TELEPHONE;A6;AR;2;50250
TELEPHONE;A6;AR;2;51800
TELEPHONE;A6;AR;2;85700
TELEPHONE;A6;AR;2;90800
TELEPHONE;A6;AR;2;102900
TELEPHONE;A6;AR;2;132200
TELEPHONE;A6;AR;2;144700
TELEPHONE;A6;AR;2;158600
TELEPHONE;A6;AR;2;179000
TELEPHONE;A6;AR;2;184600
TELEPHONE;A6;AR;2;199100
TELEPHONE;A6;AR;2;219600
TELEPHONE;A6;AR;2;232800
TELEPHONE;A6;AR;2;242200
TELEPHONE;A6;AR;2;269100
TELEPHONE;A6;AR;2;294000
TELEPHONE;A6;AR;2;298400
TELEPHONE;A6;AR;2;322900
TELEPHONE;A6;AR;2;351900
TELEPHONE;A6;AR;2;364700
TELEPHONE;A6;AR;2;397000
TELEPHONE;A6;AR;2;419400
VIDANGE;A6;AR;2;90800
VIDANGE;A6;AR;2;179000
VIDANGE;A6;AR;2;184600
VIDANGE;A6;AR;2;298400
Vente Liber-t;A6;AR;2;184600
Vente Liber-t;A6;AR;2;219600
Vente Liber-t;A6;AR;2;294000
Vente Liber-t;A6;AR;2;298400
BRUMISATEUR;A6;AS;1;74100
BRUMISATEUR;A6;AS;1;311300
BRUMISATEUR;A6;AS;1;450089
CHANGE;A6;AS;1;58000
CHANGE;A6;AS;1;74100
DAB;A6;AS;1;450089
JEUX;A6;AS;1;29000
JEUX;A6;AS;1;58000
JEUX;A6;AS;1;74100
JEUX;A6;AS;1;122900
JEUX;A6;AS;1;167000
JEUX;A6;AS;1;212900
JEUX;A6;AS;1;255400
JEUX;A6;AS;1;286400
JEUX;A6;AS;1;311300
JEUX;A6;AS;1;341700
JEUX;A6;AS;1;374800
JEUX;A6;AS;1;407800
JEUX;A6;AS;1;435600
JEUX;A6;AS;1;450089
MOBILITE REDUITE;A6;AS;1;29000
MOBILITE REDUITE;A6;AS;1;58000
MOBILITE REDUITE;A6;AS;1;74100
MOBILITE REDUITE;A6;AS;1;122900
MOBILITE REDUITE;A6;AS;1;167000
MOBILITE REDUITE;A6;AS;1;212900
MOBILITE REDUITE;A6;AS;1;255400
MOBILITE REDUITE;A6;AS;1;286400
MOBILITE REDUITE;A6;AS;1;311300
MOBILITE REDUITE;A6;AS;1;341700
MOBILITE REDUITE;A6;AS;1;374800
MOBILITE REDUITE;A6;AR;1;351900
MOBILITE REDUITE;A6;AR;1;363700
MOBILITE REDUITE;A6;AR;1;397000
MOBILITE REDUITE;A6;AR;1;419500
OUI Shop;A6;AR;1;351900
PANORAMA;A6;AR;1;50250
PANORAMA;A6;AR;1;102700
PANORAMA;A6;AR;1;149600
PANORAMA;A6;AR;1;158500
PANORAMA;A6;AR;1;173800
PANORAMA;A6;AR;1;186900
PANORAMA;A6;AR;1;363700
PANORAMA;A6;AR;1;419500
PARCOURS_DETENTE;A6;AR;1;50250
PARCOURS_DETENTE;A6;AR;1;102700
PARCOURS_DETENTE;A6;AR;1;133200
PARCOURS_DETENTE;A6;AR;1;186900
PARCOURS_DETENTE;A6;AR;1;198100
PARCOURS_DETENTE;A6;AR;1;222600
PARCOURS_DETENTE;A6;AR;1;363700
PARCOURS_DETENTE;A6;AR;1;397000
PIQUE_NIQUE;A6;AR;1;50250
PIQUE_NIQUE;A6;AR;1;65500
PIQUE_NIQUE;A6;AR;1;85600
PIQUE_NIQUE;A6;AR;1;90800
PIQUE_NIQUE;A6;AR;1;102700
PIQUE_NIQUE;A6;AR;1;116700
PIQUE_NIQUE;A6;AR;1;133200
PIQUE_NIQUE;A6;AR;1;149600
PIQUE_NIQUE;A6;AR;1;158500
PIQUE_NIQUE;A6;AR;1;173800
PIQUE_NIQUE;A6;AR;1;186900
PIQUE_NIQUE;A6;AR;1;198100
PIQUE_NIQUE;A6;AR;1;222600
PIQUE_NIQUE;A6;AR;1;232700
PIQUE_NIQUE;A6;AR;1;242100
PIQUE_NIQUE;A6;AR;1;269000
PIQUE_NIQUE;A6;AR;1;280300
PIQUE_NIQUE;A6;AR;1;295600
PIQUE_NIQUE;A6;AR;1;322700
PIQUE_NIQUE;A6;AR;1;351900
PIQUE_NIQUE;A6;AR;1;363700
PIQUE_NIQUE;A6;AR;1;397000
PIQUE_NIQUE;A6;AR;1;419500
PRESSE;A6;AR;1;50250
PRESSE;A6;AR;1;85600
PRESSE;A6;AR;1;102700
PRESSE;A6;AR;1;149600
PRESSE;A6;AR;1;186900
PRODUITS_REGIONAUX;A6;AR;1;50250
PRODUITS_REGIONAUX;A6;AR;1;65500
PRODUITS_REGIONAUX;A6;AR;1;85600
PRODUITS_REGIONAUX;A6;AR;1;102700
PRODUITS_REGIONAUX;A6;AR;1;149600
PRODUITS_REGIONAUX;A6;AR;1;280300
PRODUITS_REGIONAUX;A6;AR;1;397000
SUPERETTE;A6;AR;1;65500
SUPERETTE;A6;AR;1;351900
TABAC;A6;AR;1;50250
TELEPHONE;A6;AR;1;50250
TELEPHONE;A6;AR;1;65500
TELEPHONE;A6;AR;1;85600
TELEPHONE;A6;AR;1;90800
TELEPHONE;A6;AR;1;102700
TELEPHONE;A6;AR;1;116700
TELEPHONE;A6;AR;1;133200
TELEPHONE;A6;AR;1;149600
TELEPHONE;A6;AR;1;158500
TELEPHONE;A6;AR;1;173800
TELEPHONE;A6;AR;1;186900
TELEPHONE;A6;AR;1;198100
TELEPHONE;A6;AR;1;222600
TELEPHONE;A6;AR;1;232700
TELEPHONE;A6;AR;1;242100
TELEPHONE;A6;AR;1;269000
TELEPHONE;A6;AR;1;280300
TELEPHONE;A6;AR;1;295600
TELEPHONE;A6;AR;1;322700
TELEPHONE;A6;AR;1;351900
TELEPHONE;A6;AR;1;363700
TELEPHONE;A6;AR;1;397000
TELEPHONE;A6;AR;1;419500
VIDANGE;A6;AR;1;102700
VIDANGE;A6;AR;1;295600
VIDANGE;A6;AR;1;351900
Vente Liber-t;A6;AR;1;50250
Vente Liber-t;A6;AR;1;269000
WIFI;A6;AR;1;351900
BRUMISATEUR;A6;AR;2;90800
BRUMISATEUR;A6;AR;2;132200
BRUMISATEUR;A6;AR;2;158600
BRUMISATEUR;A6;AR;2;199100
BRUMISATEUR;A6;AR;2;219600
BRUMISATEUR;A6;AR;2;232800
BRUMISATEUR;A6;AR;2;322900
DAB;A6;AR;2;132200
DAB;A6;AR;2;144700
DAB;A6;AR;2;158600
DAB;A6;AR;2;179000
DAB;A6;AR;2;199100
DAB;A6;AR;2;219600
DAB;A6;AR;2;232800
Information;A6;AR;2;90800
Information;A6;AR;2;298400
JEUX;A6;AR;2;132200
JEUX;A6;AR;2;144700
JEUX;A6;AR;2;158600
JEUX;A6;AR;2;179000
JEUX;A6;AR;2;184600
JEUX;A6;AR;2;199100
JEUX;A6;AR;2;219600
JEUX;A6;AR;2;232800
JEUX;A6;AR;2;242200
JEUX;A6;AR;2;269100
JEUX;A6;AR;2;294000
JEUX;A6;AR;2;298400
JEUX;A6;AR;2;322900
JEUX;A6;AR;2;351900
JEUX;A6;AR;2;364700
JEUX;A6;AR;2;397000
JEUX;A6;AR;2;419400
BRUMISATEUR;A36;AD;1;60000
JEUX;A36;AD;1;60000
MOBILITE REDUITE;A36;AD;1;60000
PANORAMA;A36;AD;1;60000
PARCOURS_DETENTE;A36;AD;1;60000
PIQUE_NIQUE;A36;AD;1;60000
PRESSE;A36;AD;1;60000
PRODUITS_REGIONAUX;A36;AD;1;60000
TELEPHONE;A36;AD;1;60000
VIDANGE;A36;AD;1;60000
BRUMISATEUR;A36;AR;1;28800
BRUMISATEUR;A36;AR;1;84000
BRUMISATEUR;A36;AR;1;128600
BRUMISATEUR;A36;AR;1;172100
BRUMISATEUR;A36;AR;1;185100
DAB;A36;AR;1;28800
DAB;A36;AR;1;84000
DAB;A36;AR;1;185100
Information;A36;AR;1;172100
JEUX;A36;AR;1;20600
JEUX;A36;AR;1;24300
JEUX;A36;AR;1;28800
JEUX;A36;AR;1;44620
JEUX;A36;AR;1;65810
JEUX;A36;AR;1;75000
JEUX;A36;AR;1;84000
JEUX;A36;AR;1;101600
JEUX;A36;AR;1;128600
JEUX;A36;AR;1;146300
JEUX;A36;AR;1;172100
JEUX;A36;AR;1;185100
JEUX;A36;AR;1;208700
MOBILITE REDUITE;A36;AR;1;20600
MOBILITE REDUITE;A36;AR;1;24300
MOBILITE REDUITE;A36;AR;1;28800
MOBILITE REDUITE;A36;AR;1;44620
MOBILITE REDUITE;A36;AR;1;65810
MOBILITE REDUITE;A36;AR;1;75000
MOBILITE REDUITE;A36;AR;1;84000
MOBILITE REDUITE;A36;AR;1;101600
MOBILITE REDUITE;A36;AR;1;128600
MOBILITE REDUITE;A36;AR;1;146300
MOBILITE REDUITE;A36;AR;1;172100
MOBILITE REDUITE;A36;AR;1;185100
MOBILITE REDUITE;A36;AR;1;208700
OUI Shop;A36;AR;1;84000
PANORAMA;A36;AR;1;20600
PANORAMA;A36;AR;1;101600
PANORAMA;A36;AR;1;128600
PANORAMA;A36;AR;1;172100
PARCOURS_DETENTE;A36;AR;1;20600
PARCOURS_DETENTE;A36;AR;1;28800
PARCOURS_DETENTE;A36;AR;1;101600
PARCOURS_DETENTE;A36;AR;1;128600
PARCOURS_DETENTE;A36;AR;1;146300
PARCOURS_DETENTE;A36;AR;1;172100
PARCOURS_DETENTE;A36;AR;1;185100
PARCOURS_DETENTE;A36;AR;1;208700
PIQUE_NIQUE;A36;AR;1;20600
PIQUE_NIQUE;A36;AR;1;24300
PIQUE_NIQUE;A36;AR;1;28800
PIQUE_NIQUE;A36;AR;1;44620
PIQUE_NIQUE;A36;AR;1;65810
PIQUE_NIQUE;A36;AR;1;75000
PIQUE_NIQUE;A36;AR;1;84000
PIQUE_NIQUE;A36;AR;1;101600
PIQUE_NIQUE;A36;AR;1;128600
PIQUE_NIQUE;A36;AR;1;146300
PIQUE_NIQUE;A36;AR;1;172100
PIQUE_NIQUE;A36;AR;1;185100
PIQUE_NIQUE;A36;AR;1;208700
PRESSE;A36;AR;1;172100
PRODUITS_REGIONAUX;A36;AR;1;28800
PRODUITS_REGIONAUX;A36;AR;1;172100
PRODUITS_REGIONAUX;A36;AR;1;185100
Parking sécurisé pour poids lourds;A36;AR;1;208700
SUPERETTE;A36;AR;1;84000
SUPERETTE;A36;AR;1;185100
TABAC;A36;AR;1;172100
TELEPHONE;A36;AR;1;20600
TELEPHONE;A36;AR;1;24300
TELEPHONE;A36;AR;1;28800
TELEPHONE;A36;AR;1;44620
TELEPHONE;A36;AR;1;65810
TELEPHONE;A36;AR;1;75000
TELEPHONE;A36;AR;1;84000
TELEPHONE;A36;AR;1;101600
TELEPHONE;A36;AR;1;128600
TELEPHONE;A36;AR;1;146300
TELEPHONE;A36;AR;1;172100
TELEPHONE;A36;AR;1;185100
TELEPHONE;A36;AR;1;208700
Vente Liber-t;A36;AR;1;24300
Vente Liber-t;A36;AR;1;65810
WIFI;A36;AR;1;84000
BRUMISATEUR;A36;AR;2;24300
BRUMISATEUR;A36;AR;2;75600
DAB;A36;AR;2;24300
JEUX;A36;AR;2;20200
JEUX;A36;AR;2;24300
JEUX;A36;AR;2;26600
JEUX;A36;AR;2;65810
JEUX;A36;AR;2;75600
JEUX;A36;AR;2;84000
JEUX;A36;AR;2;101600
JEUX;A36;AR;2;128600
JEUX;A36;AR;2;137500
JEUX;A36;AR;2;172100
JEUX;A36;AR;2;185300
JEUX;A36;AR;2;208800
MOBILITE REDUITE;A36;AR;2;20200
MOBILITE REDUITE;A36;AR;2;24300
MOBILITE REDUITE;A36;AR;2;26600
MOBILITE REDUITE;A36;AR;2;65810
MOBILITE REDUITE;A36;AR;2;75600
MOBILITE REDUITE;A36;AR;2;84000
MOBILITE REDUITE;A36;AR;2;101600
MOBILITE REDUITE;A36;AR;2;128600
MOBILITE REDUITE;A36;AR;2;137500
MOBILITE REDUITE;A36;AR;2;172100
MOBILITE REDUITE;A36;AR;2;185300
MOBILITE REDUITE;A36;AR;2;208800
PANORAMA;A36;AR;2;75600
PANORAMA;A36;AR;2;84000
PARCOURS_DETENTE;A36;AR;2;65810
PARCOURS_DETENTE;A36;AR;2;128600
PARCOURS_DETENTE;A36;AR;2;137500
PARCOURS_DETENTE;A36;AR;2;172100
PIQUE_NIQUE;A36;AR;2;20200
PIQUE_NIQUE;A36;AR;2;24300
PIQUE_NIQUE;A36;AR;2;26600
PIQUE_NIQUE;A36;AR;2;65810
PIQUE_NIQUE;A36;AR;2;75600
PIQUE_NIQUE;A36;AR;2;84000
PIQUE_NIQUE;A36;AR;2;101600
PIQUE_NIQUE;A36;AR;2;128600
PIQUE_NIQUE;A36;AR;2;137500
PIQUE_NIQUE;A36;AR;2;172100
PIQUE_NIQUE;A36;AR;2;185300
PIQUE_NIQUE;A36;AR;2;208800
PRESSE;A36;AR;2;208800
PRODUITS_REGIONAUX;A36;AR;2;24300
TELEPHONE;A36;AR;2;20200
TELEPHONE;A36;AR;2;24300
TELEPHONE;A36;AR;2;26600
TELEPHONE;A36;AR;2;65810
TELEPHONE;A36;AR;2;75600
TELEPHONE;A36;AR;2;84000
TELEPHONE;A36;AR;2;101600
TELEPHONE;A36;AR;2;128600
TELEPHONE;A36;AR;2;137500
TELEPHONE;A36;AR;2;172100
TELEPHONE;A36;AR;2;185300
TELEPHONE;A36;AR;2;208800
Vente Liber-t;A36;AR;2;128600
Vente Liber-t;A36;AR;2;185300
BRUMISATEUR;A36;AS;1;11100
BRUMISATEUR;A36;AS;1;111600
BRUMISATEUR;A36;AS;1;200700
DAB;A36;AS;1;11100
DAB;A36;AS;1;200700
JEUX;A36;AS;1;11100
JEUX;A36;AS;1;111600
JEUX;A36;AS;1;160400
JEUX;A36;AS;1;200700
MOBILITE REDUITE;A36;AS;1;11100
MOBILITE REDUITE;A36;AS;1;111600
MOBILITE REDUITE;A36;AS;1;160400
MOBILITE REDUITE;A36;AS;1;200700
OUI Shop;A36;AS;1;11100
PANORAMA;A36;AS;1;111600
PANORAMA;A36;AS;1;200700
PARCOURS_DETENTE;A36;AS;1;160400
PIQUE_NIQUE;A36;AS;1;11100
PIQUE_NIQUE;A36;AS;1;111600
PIQUE_NIQUE;A36;AS;1;160400
PIQUE_NIQUE;A36;AS;1;200700
PRESSE;A36;AS;1;200700
PRODUITS_REGIONAUX;A36;AS;1;200700
Relay;A36;AS;1;200700
SUPERETTE;A36;AS;1;11100
TELEPHONE;A36;AS;1;11100
TELEPHONE;A36;AS;1;111600
TELEPHONE;A36;AS;1;160400
TELEPHONE;A36;AS;1;200700
WIFI;A36;AS;1;11100
JEUX;A36;AS;2;11100
JEUX;A36;AS;2;60400
JEUX;A36;AS;2;112100
JEUX;A36;AS;2;160600
JEUX;A36;AS;2;200400
MOBILITE REDUITE;A36;AS;2;11100
MOBILITE REDUITE;A36;AS;2;60400
MOBILITE REDUITE;A36;AS;2;112100
MOBILITE REDUITE;A36;AS;2;160600
MOBILITE REDUITE;A36;AS;2;200400
PANORAMA;A36;AS;2;112100
PANORAMA;A36;AS;2;200400
PARCOURS_DETENTE;A36;AS;2;160600
PIQUE_NIQUE;A36;AS;2;11100
PIQUE_NIQUE;A36;AS;2;60400
PIQUE_NIQUE;A36;AS;2;112100
PIQUE_NIQUE;A36;AS;2;160600
PIQUE_NIQUE;A36;AS;2;200400
PRESSE;A36;AS;2;11100
PRESSE;A36;AS;2;200400
TELEPHONE;A36;AS;2;11100
TELEPHONE;A36;AS;2;60400
TELEPHONE;A36;AS;2;112100
TELEPHONE;A36;AS;2;160600
TELEPHONE;A36;AS;2;200400
VIDANGE;A36;AS;2;200400
Vente Liber-t;A36;AS;2;60400
Vente Liber-t;A36;AS;2;160600
MOBILITE REDUITE;A36;Sortie;2;124000
TELEPHONE;A36;Sortie;2;124000
MOBILITE REDUITE;A39;AD;1;79000
BRUMISATEUR;A39;AD;2;114970
DAB;A39;AD;2;114970
JEUX;A39;AD;2;114970
MOBILITE REDUITE;A39;AD;2;114970
PANORAMA;A39;AD;2;114970
PIQUE_NIQUE;A39;AD;2;114970
PRESSE;A39;AD;2;114970
PRODUITS_REGIONAUX;A39;AD;2;114970
TELEPHONE;A39;AD;2;114970
Vente Liber-t;A39;AD;2;114970
JEUX;A39;AR;1;5900
JEUX;A39;AR;1;15200
JEUX;A39;AR;1;51390
JEUX;A39;AR;1;66730
JEUX;A39;AR;1;100080
JEUX;A39;AR;1;137650
MOBILITE REDUITE;A39;AR;1;5900
MOBILITE REDUITE;A39;AR;1;15200
MOBILITE REDUITE;A39;AR;1;51390
MOBILITE REDUITE;A39;AR;1;66730
MOBILITE REDUITE;A39;AR;1;100080
MOBILITE REDUITE;A39;AR;1;137650
PANORAMA;A39;AR;1;137650
PARCOURS_DETENTE;A39;AR;1;137650
PIQUE_NIQUE;A39;AR;1;5900
PIQUE_NIQUE;A39;AR;1;15200
PIQUE_NIQUE;A39;AR;1;51390
PIQUE_NIQUE;A39;AR;1;66730
PIQUE_NIQUE;A39;AR;1;100080
PIQUE_NIQUE;A39;AR;1;137650
TELEPHONE;A39;AR;1;5900
TELEPHONE;A39;AR;1;15200
TELEPHONE;A39;AR;1;51390
TELEPHONE;A39;AR;1;66730
TELEPHONE;A39;AR;1;100080
Vente Liber-t;A39;AR;1;51390
Vente Liber-t;A39;AR;1;66730
Vente Liber-t;A39;AR;1;137650
BRUMISATEUR;A39;AR;2;51310
DAB;A39;AR;2;16300
DAB;A39;AR;2;51310
JEUX;A39;AR;2;5900
JEUX;A39;AR;2;16300
JEUX;A39;AR;2;51310
JEUX;A39;AR;2;66730
JEUX;A39;AR;2;100080
JEUX;A39;AR;2;137650
MOBILITE REDUITE;A39;AR;2;5900
MOBILITE REDUITE;A39;AR;2;16300
MOBILITE REDUITE;A39;AR;2;51310
MOBILITE REDUITE;A39;AR;2;66730
MOBILITE REDUITE;A39;AR;2;100080
MOBILITE REDUITE;A39;AR;2;137650
PANORAMA;A39;AR;2;66730
PIQUE_NIQUE;A39;AR;2;5900
PIQUE_NIQUE;A39;AR;2;16300
PIQUE_NIQUE;A39;AR;2;51310
PIQUE_NIQUE;A39;AR;2;66730
PIQUE_NIQUE;A39;AR;2;100080
PIQUE_NIQUE;A39;AR;2;137650
PRESSE;A39;AR;2;16300
PRESSE;A39;AR;2;51310
PRODUITS_REGIONAUX;A39;AR;2;51310
PRODUITS_REGIONAUX;A39;AR;2;100080
Parking sécurisé pour poids lourds;A39;AR;2;51310
TELEPHONE;A39;AR;2;16300
TELEPHONE;A39;AR;2;51310
TELEPHONE;A39;AR;2;66730
TELEPHONE;A39;AR;2;100080
TELEPHONE;A39;AR;2;137650
VIDANGE;A39;AR;2;16300
Vente Liber-t;A39;AR;2;5900
Vente Liber-t;A39;AR;2;16300
Vente Liber-t;A39;AR;2;66730
Vente Liber-t;A39;AR;2;100080
Vente Liber-t;A39;AR;2;137650
JEUX;A39;AS;1;24930
JEUX;A39;AS;1;114970
MOBILITE REDUITE;A39;AS;1;24930
MOBILITE REDUITE;A39;AS;1;114970
PANORAMA;A39;AS;1;114970
PARCOURS_DETENTE;A39;AS;1;24930
PIQUE_NIQUE;A39;AS;1;24930
PIQUE_NIQUE;A39;AS;1;114970
TELEPHONE;A39;AS;1;24930
TELEPHONE;A39;AS;1;114970
Vente Liber-t;A39;AS;1;24930
CHANGE;A39;AS;2;78300
Information;A39;AS;2;24460
JEUX;A39;AS;2;24460
JEUX;A39;AS;2;78300
MOBILITE REDUITE;A39;AS;2;24460
MOBILITE REDUITE;A39;AS;2;78300
PIQUE_NIQUE;A39;AS;2;24460
PIQUE_NIQUE;A39;AS;2;78300
TELEPHONE;A39;AS;2;24460
TELEPHONE;A39;AS;2;78300
Vente Liber-t;A39;AS;2;24460
MOBILITE REDUITE;A39;Sortie;1;40000
TELEPHONE;A39;Sortie;1;40000
JEUX;A391;PB;1;920
MOBILITE REDUITE;A391;PB;1;920
PANORAMA;A391;PB;1;920
PIQUE_NIQUE;A391;PB;1;920
TELEPHONE;A391;PB;1;920
Vente Liber-t;A391;PB;1;920
JEUX;A391;PB;2;920
MOBILITE REDUITE;A391;PB;2;920
PIQUE_NIQUE;A391;PB;2;920
TELEPHONE;A391;PB;2;920
Vente Liber-t;A391;PB;2;920
