ID_CAMP;CD_TYPE_PV_OA__CODE;CD_PRESTA_OA__PRESTATAIRE;ANNEE;DATER;DATEG;OBSERV
OA - OH 1;INSP;Egis International;2013;16/05/2014 00:00:00;16/05/2013 00:00:00;pointt zéro OA - OH 1ere partie
OA - OH 2;INSP;Egis International;2013;16/05/2014 00:00:00;16/05/2013 00:00:00;point zéro OA - OH 2ème partie 
test;INSP;A63;2012;05/12/2013 00:00:00;05/12/2012 00:00:00;
OA neufs;INSP;Egis géotechnique;2013;15/04/2014 00:00:00;15/04/2013 00:00:00;
REC_2013;RECOLLEMENT;A63;2013;13/06/2013 00:00:00;;
PTZ OA SEM37;INSP;EGIS Structures ;2013;05/07/2014 00:00:00;05/07/2013 00:00:00;POINT ZERO PI PS SEM 37 / 8 OUVRAGES 
PTZ OA SEM38;INSP;EGIS Structures ;2013;05/07/2014 00:00:00;05/07/2013 00:00:00;POINT ZERO OA  PS-PI SEM 38 
PTZ OA SEM40;INSP;EGIS Structures ;2013;05/07/2014 00:00:00;05/07/2013 00:00:00;POINT ZERO OA PI-PS SEMAINE 40 
PTZ OA SEM41;INSP;EGIS Structures ;2013;05/07/2014 00:00:00;05/07/2013 00:00:00;POINT ZERO OA PI-PS SEMAINE 41
PTZ OA SEM42;INSP;EGIS Structures ;2013;05/07/2014 00:00:00;05/07/2013 00:00:00;POINT ZERO OA PI-PS SEMAINE 42
